/*
**************************
*    BfaCore Reforged    *
**************************
*/

-- Add quest starter : For the Alliance
DELETE FROM `creature_queststarter` WHERE (`quest` = 58146);
INSERT INTO `creature_queststarter` (`id`, `quest`) VALUES (159587, 58146);
-- Add quest ender : For the Alliance
DELETE FROM `creature_questender` WHERE (`quest` = 58146);
INSERT INTO `creature_questender` (`id`, `quest`) VALUES (133362, 58146);

-- Add quest starter : Terra incognita
DELETE FROM `creature_queststarter` WHERE (`quest` = 58147) AND (`id` IN (133362));
INSERT INTO `creature_queststarter` (`id`, `quest`) VALUES (133362, 58147);
-- Add quest ender : Terra incognita
DELETE FROM `creature_questender` WHERE (`quest` = 58147) AND (`id` IN (160600));
INSERT INTO `creature_questender` (`id`, `quest`) VALUES (160600, 58147);

-- Fix GestGiver for Gelbin Mekkatorque
UPDATE `creature_template` SET `npcflag`= 2  WHERE  (`entry` = 159587);

-- Update Creature Template for Lulana
UPDATE `creature_template` SET `npcflag` = 3 WHERE (`entry` = 160600);

-- Spawn Creature in Mechagon City
DELETE FROM `creature` WHERE (`id` = 160600);
INSERT INTO `creature` (`guid`, `id`, `map`, `zoneId`, `areaId`, `spawnDifficulties`, `phaseUseFlags`, `PhaseId`, `PhaseGroup`, `terrainSwapMap`, `modelid`, `equipment_id`, `position_x`, `position_y`, `position_z`, `orientation`, `spawntimesecs`, `spawndist`, `currentwaypoint`, `curhealth`, `curmana`, `MovementType`, `npcflag`, `unit_flags`, `unit_flags2`, `unit_flags3`, `dynamicflags`, `ScriptName`, `VerifiedBuild`) VALUES
(3530203330003152, 160600, 0, 0, 0, '0', 0, 0, 0, -1, 0, 0, -8340.4, 642.734, 96.1293, 0.719558, 300, 0, 0, 31, 0, 0, 0, 0, 0, 0, 0, '', 0);

DELETE FROM `gameobject_template_addon` WHERE `entry` IN (335527 /*335527*/, 335575 /*335575*/, 335541 /*335541*/, 335573 /*335573*/, 335572 /*335572*/, 335571 /*335571*/);
INSERT INTO `gameobject_template_addon` (`entry`, `faction`, `flags`) VALUES
(335527, 0, 32), -- 335527
(335575, 0, 32), -- 335575
(335541, 0, 48), -- 335541
(335573, 0, 32), -- 335573
(335572, 0, 32), -- 335572
(335571, 0, 32); -- 335571

SET @CGUID := 3530203330003115;
DELETE FROM `creature` WHERE `guid` BETWEEN @CGUID+0 AND @CGUID+36;
INSERT INTO `creature` (`guid`, `id`, `map`, `zoneId`, `areaId`, `spawnDifficulties`, `PhaseId`, `PhaseGroup`, `modelid`, `equipment_id`, `position_x`, `position_y`, `position_z`, `orientation`, `spawntimesecs`, `spawndist`, `currentwaypoint`, `curhealth`, `curmana`, `MovementType`, `npcflag`, `unit_flags`, `dynamicflags`, `VerifiedBuild`) VALUES
(@CGUID+0, 159487, 2268, 12825, 12825, '0', '14313', 0, 0, 0, 823.31768798828125, 343.197906494140625, -301.958343505859375, 2.815706968307495117, 7200, 0, 0, 11791, 0, 0, 0, 0, 0, 37623), -- 159487 (Area: 12825 - Difficulty: 0)
(@CGUID+1, 159550, 2268, 12825, 12825, '0', '14313', 0, 0, 0, 710.6024169921875, 601.35589599609375, -238.3681640625, 2.907990694046020507, 7200, 0, 0, 11791, 0, 0, 0, 0, 0, 37623), -- 159550 (Area: 12825 - Difficulty: 0)
(@CGUID+2, 160578, 2268, 12825, 12825, '0', '14313', 0, 0, 0, 718.53643798828125, 603.93231201171875, -238.31134033203125, 1.400491952896118164, 7200, 0, 0, 11791, 0, 0, 0, 0, 0, 37623), -- 160578 (Area: 12825 - Difficulty: 0)
(@CGUID+3, 159524, 2268, 12825, 12825, '0', '14313', 0, 0, 0, 735.65625, 390.458343505859375, -312.681488037109375, 2.466323137283325195, 7200, 0, 0, 11791, 0, 0, 0, 0, 0, 37623), -- 159524 (Area: 12825 - Difficulty: 0)
(@CGUID+4, 160628, 2268, 12825, 12825, '0', '14313', 0, 0, 0, 720.1961669921875, 593.04168701171875, -238.1170654296875, 0.090853206813335418, 7200, 0, 0, 11791, 0, 0, 0, 0, 0, 37623), -- 160628 (Area: 12825 - Difficulty: 0)
(@CGUID+5, 159551, 2268, 12825, 12825, '0', '14313', 0, 0, 0, 652.5538330078125, 352.864593505859375, -328.3154296875, 2.197803974151611328, 7200, 0, 0, 11791, 0, 0, 0, 0, 0, 37623), -- 159551 (Area: 12825 - Difficulty: 0)
(@CGUID+6, 159471, 2268, 12825, 12825, '0', '14313', 0, 0, 0, 713.19793701171875, 377.05035400390625, -312.1063232421875, 2.437668085098266601, 7200, 0, 0, 11791, 0, 0, 0, 0, 0, 37623), -- 159471 (Area: 12825 - Difficulty: 0)
(@CGUID+7, 159543, 2268, 12825, 12825, '0', '14313', 0, 0, 0, 822.68402099609375, 345.017364501953125, -301.961517333984375, 4.542830944061279296, 7200, 0, 0, 11791, 0, 0, 0, 0, 0, 37623), -- 159543 (Area: 12825 - Difficulty: 0)
(@CGUID+8, 159523, 2268, 12825, 12825, '0', '14313', 0, 0, 0, 850.170166015625, 448.828125, -301.870697021484375, 3.188158512115478515, 7200, 0, 0, 11791, 0, 0, 0, 0, 0, 37623), -- 159523 (Area: 12825 - Difficulty: 0)
(@CGUID+9, 159569, 2268, 12825, 12825, '0', '14313', 0, 0, 0, 757.68927001953125, 320.852447509765625, -308.28271484375, 0.384584426879882812, 7200, 0, 0, 11791, 0, 0, 0, 0, 0, 37623), -- 159569 (Area: 12825 - Difficulty: 0)
(@CGUID+10, 159543, 2268, 12825, 12825, '0', '14313', 0, 0, 0, 718.6649169921875, 605.17535400390625, -238.315872192382812, 4.542830944061279296, 7200, 0, 0, 11791, 0, 0, 0, 0, 0, 37623), -- 159543 (Area: 12825 - Difficulty: 0)
(@CGUID+11, 159529, 2268, 12825, 12825, '0', '14313', 0, 0, 0, 711.51214599609375, 380.5382080078125, -310.428924560546875, 5.018309593200683593, 7200, 0, 0, 11791, 0, 0, 0, 0, 0, 37623), -- 159529 (Area: 12825 - Difficulty: 0)
(@CGUID+12, 159487, 2268, 12825, 12825, '0', '14313', 0, 0, 0, 722.265625, 592.50347900390625, -238.1419677734375, 2.815706968307495117, 7200, 0, 0, 11791, 0, 0, 0, 0, 0, 37623), -- 159487 (Area: 12825 - Difficulty: 0)
(@CGUID+13, 159530, 2268, 12825, 12825, '0', '14313', 0, 0, 0, 734.95660400390625, 612.75518798828125, -238.249298095703125, 1.80664682388305664, 7200, 0, 0, 11791, 0, 0, 0, 0, 0, 37623), -- 159530 (Area: 12825 - Difficulty: 0)
(@CGUID+14, 159571, 2268, 12825, 12825, '0', '14313', 0, 0, 0, 771.39215087890625, 364.927093505859375, -312.29010009765625, 5.64941263198852539, 7200, 0, 0, 11791, 0, 0, 0, 0, 0, 37623), -- 159571 (Area: 12825 - Difficulty: 0)
(@CGUID+15, 159587, 2268, 12825, 12825, '0', '14313', 0, 0, 0, 702.125, 619.15625, -238.12701416015625, 5.364857673645019531, 7200, 0, 0, 4008940, 0, 0, 0, 0, 0, 37623), -- 159587 (Area: 12825 - Difficulty: 0)
(@CGUID+16, 159572, 2268, 12825, 12825, '0', '14313', 0, 0, 0, 848.27777099609375, 448.7569580078125, -301.870697021484375, 0.336062163114547729, 7200, 0, 0, 11791, 0, 0, 0, 0, 0, 37623), -- 159572 (Area: 12825 - Difficulty: 0)
(@CGUID+17, 159568, 2268, 12825, 12825, '0', '14313', 0, 0, 0, 831.1475830078125, 428.786468505859375, -301.966064453125, 2.067416667938232421, 7200, 0, 0, 11791, 0, 0, 0, 0, 0, 37623), -- 159568 (Area: 12825 - Difficulty: 0) (Auras: 313603 - 313603)
(@CGUID+18, 159523, 2268, 12825, 12825, '0', '14313', 0, 0, 0, 709.6944580078125, 600.47052001953125, -238.336380004882812, 2.246310234069824218, 7200, 0, 0, 11791, 0, 0, 0, 0, 0, 37623), -- 159523 (Area: 12825 - Difficulty: 0)
(@CGUID+19, 159572, 2268, 12825, 12825, '0', '14313', 0, 0, 0, 708.53472900390625, 601.95831298828125, -238.357696533203125, 5.677399158477783203, 7200, 0, 0, 11791, 0, 0, 0, 0, 0, 37623), -- 159572 (Area: 12825 - Difficulty: 0)
(@CGUID+20, 160628, 2268, 12825, 12825, '0', '14313', 0, 0, 0, 821.248291015625, 343.736114501953125, -301.955902099609375, 0.090853206813335418, 7200, 0, 0, 11791, 0, 0, 0, 0, 0, 37623), -- 160628 (Area: 12825 - Difficulty: 0)
(@CGUID+21, 159571, 2268, 12825, 12825, '0', '14313', 0, 0, 0, 733.73089599609375, 614.8211669921875, -238.2415771484375, 4.957872867584228515, 7200, 0, 0, 11791, 0, 0, 0, 0, 0, 37623), -- 159571 (Area: 12825 - Difficulty: 0)
(@CGUID+22, 157997, 2268, 12825, 12825, '0', '14313', 0, 0, 0, 708.8524169921875, 623.77777099609375, -238.15240478515625, 4.778178215026855468, 7200, 0, 0, 35373, 0, 0, 0, 0, 0, 37623), -- 157997 (Area: 12825 - Difficulty: 0)
(@CGUID+23, 159486, 2268, 12825, 12825, '0', '14313', 0, 0, 0, 751.27777099609375, 364.12847900390625, -312.657501220703125, 2.045322418212890625, 7200, 0, 0, 11791, 0, 0, 0, 0, 0, 37623), -- 159486 (Area: 12825 - Difficulty: 0)
(@CGUID+24, 159549, 2268, 12825, 12825, '0', '14313', 0, 0, 0, 734.89239501953125, 389.564239501953125, -312.676544189453125, 2.466323137283325195, 7200, 0, 0, 11791, 0, 0, 0, 0, 0, 37623), -- 159549 (Area: 12825 - Difficulty: 0)
(@CGUID+25, 158145, 2268, 12825, 12825, '0', '14313', 0, 0, 0, 699.1961669921875, 616.94793701171875, -238.133956909179687, 5.834698200225830078, 7200, 0, 0, 117910, 0, 0, 0, 0, 0, 37623), -- 158145 (Area: 12825 - Difficulty: 0)
(@CGUID+26, 159545, 2268, 12825, 12825, '0', '14313', 0, 0, 0, 761.63018798828125, 524.01910400390625, -247.74810791015625, 0.568804323673248291, 7200, 0, 0, 11791, 0, 0, 0, 0, 0, 37623), -- 159545 (Area: 12825 - Difficulty: 0)
(@CGUID+27, 159468, 2268, 12825, 12825, '0', '14313', 0, 0, 0, 680.82989501953125, 451.40972900390625, -317.0208740234375, 0.988660216331481933, 7200, 0, 0, 11791, 0, 0, 0, 0, 0, 37623), -- 159468 (Area: 12825 - Difficulty: 0)
(@CGUID+28, 159528, 2268, 12825, 12825, '0', '14313', 0, 0, 0, 709.68927001953125, 391.821197509765625, -312.23248291015625, 3.661015987396240234, 7200, 0, 0, 11791, 0, 0, 0, 0, 0, 37623), -- 159528 (Area: 12825 - Difficulty: 0)
(@CGUID+29, 159530, 2268, 12825, 12825, '0', '14313', 0, 0, 0, 775.2413330078125, 366.723968505859375, -312.05206298828125, 3.315182447433471679, 7200, 0, 0, 11791, 0, 0, 0, 0, 0, 37623), -- 159530 (Area: 12825 - Difficulty: 0)
(@CGUID+30, 159550, 2268, 12825, 12825, '0', '14313', 0, 0, 0, 849.984375, 450.0850830078125, -301.870697021484375, 3.849838495254516601, 7200, 0, 0, 11791, 0, 0, 0, 0, 0, 37623), -- 159550 (Area: 12825 - Difficulty: 0)
(@CGUID+31, 159485, 2268, 12825, 12825, '0', '14313', 0, 0, 0, 763.15277099609375, 524.560791015625, -247.686065673828125, 4.012735843658447265, 7200, 0, 0, 11791, 0, 0, 0, 0, 0, 37623), -- 159485 (Area: 12825 - Difficulty: 0)
(@CGUID+32, 160273, 2268, 12825, 12825, '0', '14313', 0, 0, 0, 483.657989501953125, 916.95660400390625, -247.825149536132812, 0.254377692937850952, 7200, 0, 0, 11791, 0, 0, 0, 0, 0, 37623), -- 160273 (Area: 12825 - Difficulty: 0)
(@CGUID+33, 159558, 2268, 12825, 12825, '0', '14313', 0, 0, 0, 747.29168701171875, 365.895843505859375, -310.9921875, 6.179775714874267578, 7200, 0, 0, 11791, 0, 0, 0, 0, 0, 37623), -- 159558 (Area: 12825 - Difficulty: 0)
(@CGUID+34, 159559, 2268, 12825, 12825, '0', '14313', 0, 0, 0, 777.25347900390625, 348.61285400390625, -312.657501220703125, 0.520444512367248535, 7200, 10, 0, 11791, 0, 1, 0, 0, 0, 37623), -- 159559 (Area: 12825 - Difficulty: 0) (possible waypoints or random movement)
(@CGUID+35, 159552, 2268, 12825, 12825, '0', '14313', 0, 0, 0, 720.42535400390625, 376.602447509765625, -312.1063232421875, 5.834784507751464843, 7200, 0, 0, 11791, 0, 0, 0, 0, 0, 37623), -- 159552 (Area: 12825 - Difficulty: 0)
(@CGUID+36, 159470, 2268, 12825, 12825, '0', '14313', 0, 0, 0, 795.24481201171875, 366.40972900390625, -312.657470703125, 5.930068016052246093, 7200, 0, 0, 11791, 0, 0, 0, 0, 0, 37623); -- 159470 (Area: 12825 - Difficulty: 0)

SET @CGUID := 3530203330003115;
DELETE FROM `creature_addon` WHERE `guid` BETWEEN @CGUID+0 AND @CGUID+36;
INSERT INTO `creature_addon` (`guid`, `path_id`, `mount`, `bytes1`, `bytes2`, `emote`, `aiAnimKit`, `movementAnimKit`, `meleeAnimKit`, `auras`) VALUES
(@CGUID+0, 0, 0, 0, 1, 0, 0, 0, 0, ''), -- 159487
(@CGUID+1, 0, 0, 0, 1, 0, 0, 0, 0, ''), -- 159550
(@CGUID+2, 0, 0, 0, 1, 0, 0, 0, 0, ''), -- 160578
(@CGUID+3, 0, 0, 0, 1, 0, 0, 0, 0, ''), -- 159524
(@CGUID+4, 0, 0, 0, 1, 0, 0, 0, 0, ''), -- 160628
(@CGUID+5, 0, 0, 0, 1, 0, 0, 0, 0, ''), -- 159551
(@CGUID+6, 0, 0, 0, 1, 0, 0, 0, 0, ''), -- 159471
(@CGUID+7, 0, 0, 0, 1, 0, 0, 0, 0, ''), -- 159543
(@CGUID+8, 0, 0, 0, 1, 0, 0, 0, 0, ''), -- 159523
(@CGUID+9, 0, 0, 0, 1, 0, 0, 0, 0, ''), -- 159569
(@CGUID+10, 0, 0, 0, 1, 0, 0, 0, 0, ''), -- 159543
(@CGUID+11, 0, 0, 0, 1, 0, 0, 0, 0, ''), -- 159529
(@CGUID+12, 0, 0, 0, 1, 0, 0, 0, 0, ''), -- 159487
(@CGUID+13, 0, 0, 0, 1, 0, 0, 0, 0, ''), -- 159530
(@CGUID+14, 0, 0, 0, 1, 0, 0, 0, 0, ''), -- 159571
(@CGUID+15, 0, 0, 0, 1, 0, 0, 0, 0, ''), -- 159587
(@CGUID+16, 0, 0, 0, 1, 0, 0, 0, 0, ''), -- 159572
(@CGUID+17, 0, 0, 0, 1, 0, 0, 0, 0, '313603'), -- 159568 - 313603 - 313603
(@CGUID+18, 0, 0, 0, 1, 0, 0, 0, 0, ''), -- 159523
(@CGUID+19, 0, 0, 0, 1, 0, 0, 0, 0, ''), -- 159572
(@CGUID+20, 0, 0, 0, 1, 0, 0, 0, 0, ''), -- 160628
(@CGUID+21, 0, 0, 0, 1, 0, 0, 0, 0, ''), -- 159571
(@CGUID+22, 0, 0, 0, 0, 0, 0, 0, 0, ''), -- 157997
(@CGUID+23, 0, 0, 0, 1, 0, 0, 0, 0, ''), -- 159486
(@CGUID+24, 0, 0, 0, 1, 0, 0, 0, 0, ''), -- 159549
(@CGUID+25, 0, 0, 0, 1, 0, 0, 0, 0, ''), -- 158145
(@CGUID+26, 0, 0, 0, 1, 0, 0, 0, 0, ''), -- 159545
(@CGUID+27, 0, 0, 0, 1, 0, 0, 0, 0, ''), -- 159468
(@CGUID+28, 0, 0, 0, 1, 0, 0, 0, 0, ''), -- 159528
(@CGUID+29, 0, 0, 0, 1, 0, 0, 0, 0, ''), -- 159530
(@CGUID+30, 0, 0, 0, 1, 0, 0, 0, 0, ''), -- 159550
(@CGUID+31, 0, 0, 0, 1, 0, 0, 0, 0, ''), -- 159485
(@CGUID+32, 0, 0, 0, 1, 0, 0, 0, 0, ''), -- 160273
(@CGUID+33, 0, 0, 50331648, 1, 0, 0, 0, 0, ''), -- 159558
(@CGUID+34, 0, 0, 0, 1, 0, 0, 0, 0, ''), -- 159559
(@CGUID+35, 0, 0, 0, 1, 0, 0, 0, 0, ''), -- 159552
(@CGUID+36, 0, 0, 0, 1, 0, 0, 0, 0, ''); -- 159470

SET @OGUID := 3440000001455;
DELETE FROM `gameobject` WHERE `guid` BETWEEN @OGUID+0 AND @OGUID+56;
INSERT INTO `gameobject` (`guid`, `id`, `map`, `zoneId`, `areaId`, `spawnDifficulties`, `PhaseId`, `PhaseGroup`, `position_x`, `position_y`, `position_z`, `orientation`, `rotation0`, `rotation1`, `rotation2`, `rotation3`, `spawntimesecs`, `animprogress`, `state`, `VerifiedBuild`) VALUES
(@OGUID+0, 339758, 2268, 12825, 12825, '0', '14313', 0, 771.73614501953125, 365.251739501953125, -312.558807373046875, 0, 0, 0, 0, 1, 7200, 255, 1, 37623), -- 339758 (Area: 12825 - Difficulty: 0)
(@OGUID+1, 335529, 2268, 12825, 12825, '0', '14313', 0, 806.87890625, 367.37066650390625, -311.30718994140625, 3.837580680847167968, 0, 0, -0.94005870819091796, 0.341012626886367797, 7200, 255, 1, 37623), -- 335529 (Area: 12825 - Difficulty: 0)
(@OGUID+2, 335538, 2268, 12825, 12825, '0', '14313', 0, 737.33746337890625, 366.94427490234375, -312.07427978515625, 0.590612351894378662, 0, 0, 0.291032791137695312, 0.956713080406188964, 7200, 255, 1, 37623), -- 335538 (Area: 12825 - Difficulty: 0)
(@OGUID+3, 339763, 2268, 12825, 12825, '0', '14313', 0, 771.90802001953125, 366.939239501953125, -312.312652587890625, 0, 0, 0, 0, 1, 7200, 255, 1, 37623), -- 339763 (Area: 12825 - Difficulty: 0)
(@OGUID+4, 335521, 2268, 12825, 12825, '0', '14313', 0, 798.26806640625, 427.28411865234375, -302.1783447265625, 4.75458526611328125, 0, 0, -0.6920318603515625, 0.721866965293884277, 7200, 255, 1, 37623), -- 335521 (Area: 12825 - Difficulty: 0)
(@OGUID+5, 339761, 2268, 12825, 12825, '0', '14313', 0, 771.50177001953125, 366.29339599609375, -312.643280029296875, 0, 0, 0, 0, 1, 7200, 255, 1, 37623), -- 339761 (Area: 12825 - Difficulty: 0)
(@OGUID+6, 335530, 2268, 12825, 12825, '0', '14313', 0, 806.87890625, 367.37066650390625, -311.30718994140625, 3.837580680847167968, 0, 0, -0.94005870819091796, 0.341012626886367797, 7200, 255, 1, 37623), -- 335530 (Area: 12825 - Difficulty: 0)
(@OGUID+7, 339757, 2268, 12825, 12825, '0', '14313', 0, 771.11114501953125, 366.217010498046875, -312.382080078125, 0, 0, 0, 0, 1, 7200, 255, 1, 37623), -- 339757 (Area: 12825 - Difficulty: 0)
(@OGUID+8, 335571, 2268, 12825, 12825, '0', '14313', 0, 744.397216796875, 384.72613525390625, -312.816986083984375, 5.702358722686767578, 0, 0, -0.28634834289550781, 0.958125591278076171, 7200, 255, 0, 37623), -- 335571 (Area: 12825 - Difficulty: 0)
(@OGUID+9, 335539, 2268, 12825, 12825, '0', '14313', 0, 737.33746337890625, 366.94427490234375, -312.07427978515625, 0.590612351894378662, 0, 0, 0.291032791137695312, 0.956713080406188964, 7200, 255, 1, 37623), -- 335539 (Area: 12825 - Difficulty: 0)
(@OGUID+10, 339757, 2268, 12825, 12825, '0', '14313', 0, 772.15802001953125, 365.33160400390625, -312.47723388671875, 0, 0, 0, 0, 1, 7200, 255, 1, 37623), -- 339757 (Area: 12825 - Difficulty: 0)
(@OGUID+11, 335513, 2268, 12825, 12825, '0', '14313', 0, 652.4356689453125, 447.67340087890625, -320.96929931640625, 2.03925323486328125, 0, 0, 0.851912498474121093, 0.523684144020080566, 7200, 255, 1, 37623), -- 335513 (Area: 12825 - Difficulty: 0)
(@OGUID+12, 335531, 2268, 12825, 12825, '0', '14313', 0, 785.4808349609375, 333.69622802734375, -311.30718994140625, 2.917418718338012695, 0, 0, 0.993724822998046875, 0.111852385103702545, 7200, 255, 1, 37623), -- 335531 (Area: 12825 - Difficulty: 0)
(@OGUID+13, 339758, 2268, 12825, 12825, '0', '14313', 0, 771.2569580078125, 366.609375, -312.62823486328125, 0, 0, 0, 0, 1, 7200, 255, 1, 37623), -- 339758 (Area: 12825 - Difficulty: 0)
(@OGUID+14, 339761, 2268, 12825, 12825, '0', '14313', 0, 771.51910400390625, 365.40625, -312.438385009765625, 0, 0, 0, 0, 1, 7200, 255, 1, 37623), -- 339761 (Area: 12825 - Difficulty: 0)
(@OGUID+15, 339757, 2268, 12825, 12825, '0', '14313', 0, 771.248291015625, 367.060760498046875, -312.659271240234375, 0, 0, 0, 0, 1, 7200, 255, 1, 37623), -- 339757 (Area: 12825 - Difficulty: 0)
(@OGUID+16, 338477, 2268, 12825, 12825, '0', '14313', 0, 631.0850830078125, 375.9132080078125, -328.398773193359375, 5.720658302307128906, 0, 0, -0.27756977081298828, 0.960705459117889404, 7200, 255, 1, 37623), -- 338477 (Area: 12825 - Difficulty: 0)
(@OGUID+17, 335514, 2268, 12825, 12825, '0', '14313', 0, 651.7105712890625, 431.68603515625, -313.1566162109375, 0.670598924160003662, 0, 0, 0.329051971435546875, 0.944311797618865966, 7200, 255, 1, 37623), -- 335514 (Area: 12825 - Difficulty: 0)
(@OGUID+18, 339758, 2268, 12825, 12825, '0', '14313', 0, 772.23089599609375, 366.0069580078125, -312.699371337890625, 0, 0, 0, 0, 1, 7200, 255, 1, 37623), -- 339758 (Area: 12825 - Difficulty: 0)
(@OGUID+19, 335572, 2268, 12825, 12825, '0', '14313', 0, 787.7103271484375, 391.7105712890625, -312.72412109375, 0.983241736888885498, 0, 0, 0.472055435180664062, 0.881568849086761474, 7200, 255, 0, 37623), -- 335572 (Area: 12825 - Difficulty: 0)
(@OGUID+20, 335515, 2268, 12825, 12825, '0', '14313', 0, 718.1893310546875, 320.6605224609375, -304.793609619140625, 6.136990547180175781, 0, 0, -0.07303237915039062, 0.997329592704772949, 7200, 255, 1, 37623), -- 335515 (Area: 12825 - Difficulty: 0)
(@OGUID+21, 335532, 2268, 12825, 12825, '0', '14313', 0, 785.4808349609375, 333.69622802734375, -311.30718994140625, 2.917418718338012695, 0, 0, 0.993724822998046875, 0.111852385103702545, 7200, 255, 1, 37623), -- 335532 (Area: 12825 - Difficulty: 0)
(@OGUID+22, 335573, 2268, 12825, 12825, '0', '14313', 0, 740.687744140625, 567.94842529296875, -238.43060302734375, 2.200127601623535156, 0, 0, 0.891236305236816406, 0.453539222478866577, 7200, 255, 0, 37623), -- 335573 (Area: 12825 - Difficulty: 0)
(@OGUID+23, 339757, 2268, 12825, 12825, '0', '14313', 0, 770.888916015625, 365.94964599609375, -312.524627685546875, 0, 0, 0, 0, 1, 7200, 255, 1, 37623), -- 339757 (Area: 12825 - Difficulty: 0)
(@OGUID+24, 339337, 2268, 12825, 12825, '0', '14313', 0, 729.515625, 609.68231201171875, -238.236251831054687, 2.836383819580078125, 0, 0, 0.988378524780273437, 0.152012780308723449, 7200, 255, 1, 37623), -- 339337 (Area: 12825 - Difficulty: 0)
(@OGUID+25, 335541, 2268, 12825, 12825, '0', '14313', 0, 692.59381103515625, 630.0113525390625, -240.49237060546875, 2.216885805130004882, 0, 0, 0.895005226135253906, 0.446055680513381958, 7200, 255, 0, 37623), -- 335541 (Area: 12825 - Difficulty: 0)
(@OGUID+26, 339757, 2268, 12825, 12825, '0', '14313', 0, 771.65625, 366.130218505859375, -312.647857666015625, 0, 0, 0, 0, 1, 7200, 255, 1, 37623), -- 339757 (Area: 12825 - Difficulty: 0)
(@OGUID+27, 338477, 2268, 12825, 12825, '0', '14313', 0, 628.92706298828125, 552.54339599609375, -266.912994384765625, 5.892563343048095703, 0, 0, -0.19407176971435546, 0.980987310409545898, 7200, 255, 1, 37623), -- 338477 (Area: 12825 - Difficulty: 0)
(@OGUID+28, 339761, 2268, 12825, 12825, '0', '14313', 0, 772.45489501953125, 365.859375, -312.658355712890625, 0, 0, 0, 0, 1, 7200, 255, 1, 37623), -- 339761 (Area: 12825 - Difficulty: 0)
(@OGUID+29, 335533, 2268, 12825, 12825, '0', '14313', 0, 785.4808349609375, 333.69622802734375, -311.30718994140625, 2.917418718338012695, 0, 0, 0.993724822998046875, 0.111852385103702545, 7200, 255, 1, 37623), -- 335533 (Area: 12825 - Difficulty: 0)
(@OGUID+30, 339758, 2268, 12825, 12825, '0', '14313', 0, 772.7586669921875, 366.739593505859375, -312.419464111328125, 0, 0, 0, 0, 1, 7200, 255, 1, 37623), -- 339758 (Area: 12825 - Difficulty: 0)
(@OGUID+31, 335516, 2268, 12825, 12825, '0', '14313', 0, 710.2598876953125, 380.939178466796875, -301.139434814453125, 3.695965528488159179, 0, 0, -0.96182918548583984, 0.273650497198104858, 7200, 255, 1, 37623), -- 335516 (Area: 12825 - Difficulty: 0)
(@OGUID+32, 339757, 2268, 12825, 12825, '0', '14313', 0, 771.86285400390625, 367.536468505859375, -312.523223876953125, 0, 0, 0, 0, 1, 7200, 255, 1, 37623), -- 339757 (Area: 12825 - Difficulty: 0)
(@OGUID+33, 335525, 2268, 12825, 12825, '0', '14313', 0, 685.1097412109375, 410.589447021484375, -321.003204345703125, 2.280592679977416992, 0, 0, 0.908757209777832031, 0.417325258255004882, 7200, 255, 1, 37623), -- 335525 (Area: 12825 - Difficulty: 0)
(@OGUID+34, 335534, 2268, 12825, 12825, '0', '14313', 0, 757.784912109375, 398.30572509765625, -311.30718994140625, 6.105648994445800781, 0, 0, -0.08865165710449218, 0.996062695980072021, 7200, 255, 1, 37623), -- 335534 (Area: 12825 - Difficulty: 0)
(@OGUID+35, 335575, 2268, 12825, 12825, '0', '14313', 0, 622.390869140625, 247.6560211181640625, -352.086761474609375, 3.253772497177124023, 0, 0, -0.99842739105224609, 0.056060452014207839, 7200, 255, 0, 37623), -- 335575 (Area: 12825 - Difficulty: 0)
(@OGUID+36, 339762, 2268, 12825, 12825, '0', '14313', 0, 772.6492919921875, 366.625, -312.368072509765625, 3.036256313323974609, 0, 0, 0.998613357543945312, 0.052643876522779464, 7200, 255, 1, 37623), -- 339762 (Area: 12825 - Difficulty: 0)
(@OGUID+37, 335517, 2268, 12825, 12825, '0', '14313', 0, 651.0069580078125, 450.89105224609375, -320.69866943359375, 5.75298929214477539, 0, 0, -0.26200389862060546, 0.965066790580749511, 7200, 255, 1, 37623), -- 335517 (Area: 12825 - Difficulty: 0)
(@OGUID+38, 339757, 2268, 12825, 12825, '0', '14313', 0, 771.638916015625, 367.373260498046875, -312.48651123046875, 0, 0, 0, 0, 1, 7200, 255, 1, 37623), -- 339757 (Area: 12825 - Difficulty: 0)
(@OGUID+39, 335535, 2268, 12825, 12825, '0', '14313', 0, 757.784912109375, 398.30572509765625, -311.30718994140625, 6.105648994445800781, 0, 0, -0.08865165710449218, 0.996062695980072021, 7200, 255, 1, 37623), -- 335535 (Area: 12825 - Difficulty: 0)
(@OGUID+40, 335536, 2268, 12825, 12825, '0', '14313', 0, 757.784912109375, 398.30572509765625, -311.30718994140625, 6.105648994445800781, 0, 0, -0.08865165710449218, 0.996062695980072021, 7200, 255, 1, 37623), -- 335536 (Area: 12825 - Difficulty: 0)
(@OGUID+41, 341828, 2268, 12825, 12825, '0', '14313', 0, 831.44793701171875, 461.3663330078125, -300.6529541015625, 5.581120967864990234, 0, 0, -0.34386730194091796, 0.93901824951171875, 7200, 255, 1, 37623), -- 341828 (Area: 12825 - Difficulty: 0)
(@OGUID+42, 335518, 2268, 12825, 12825, '0', '14313', 0, 649.05078125, 445.87689208984375, -320.983734130859375, 0.391032516956329345, 0, 0, 0.194272994995117187, 0.980947494506835937, 7200, 255, 1, 37623), -- 335518 (Area: 12825 - Difficulty: 0)
(@OGUID+43, 339761, 2268, 12825, 12825, '0', '14313', 0, 772.27081298828125, 366.53472900390625, -312.62744140625, 0, 0, 0, 0, 1, 7200, 255, 1, 37623), -- 339761 (Area: 12825 - Difficulty: 0)
(@OGUID+44, 339757, 2268, 12825, 12825, '0', '14313', 0, 771.8211669921875, 367.317718505859375, -312.446441650390625, 0, 0, 0, 0, 1, 7200, 255, 1, 37623), -- 339757 (Area: 12825 - Difficulty: 0)
(@OGUID+45, 339758, 2268, 12825, 12825, '0', '14313', 0, 771.15625, 365.51214599609375, -312.57073974609375, 0, 0, 0, 0, 1, 7200, 255, 1, 37623), -- 339758 (Area: 12825 - Difficulty: 0)
(@OGUID+46, 335527, 2268, 12825, 12825, '0', '14313', 0, 707.86358642578125, 407.024810791015625, -322.5518798828125, 2.556593894958496093, 0, 0, 0.957526206970214843, 0.288346290588378906, 7200, 255, 0, 37623), -- 335527 (Area: 12825 - Difficulty: 0)
(@OGUID+47, 339757, 2268, 12825, 12825, '0', '14313', 0, 772.0711669921875, 366.96875, -312.337188720703125, 0, 0, 0, 0, 1, 7200, 255, 1, 37623), -- 339757 (Area: 12825 - Difficulty: 0)
(@OGUID+48, 335528, 2268, 12825, 12825, '0', '14313', 0, 806.87890625, 367.37066650390625, -311.30718994140625, 3.837580680847167968, 0, 0, -0.94005870819091796, 0.341012626886367797, 7200, 255, 1, 37623), -- 335528 (Area: 12825 - Difficulty: 0)
(@OGUID+49, 335537, 2268, 12825, 12825, '0', '14313', 0, 737.33746337890625, 366.94427490234375, -312.07427978515625, 0.590612351894378662, 0, 0, 0.291032791137695312, 0.956713080406188964, 7200, 255, 1, 37623), -- 335537 (Area: 12825 - Difficulty: 0)
(@OGUID+50, 335519, 2268, 12825, 12825, '0', '14313', 0, 653.6851806640625, 449.382080078125, -320.96929931640625, 2.902401685714721679, 0, 0, 0.992856979370117187, 0.11931060254573822, 7200, 255, 1, 37623), -- 335519 (Area: 12825 - Difficulty: 0)
(@OGUID+51, 339762, 2268, 12825, 12825, '0', '14313', 0, 771.94268798828125, 365.727447509765625, -312.382659912109375, 0, 0, 0, 0, 1, 7200, 255, 1, 37623), -- 339762 (Area: 12825 - Difficulty: 0)
(@OGUID+52, 335520, 2268, 12825, 12825, '0', '14313', 0, 651.006103515625, 446.2642822265625, -320.983734130859375, 2.665502548217773437, 0, 0, 0.971800804138183593, 0.235803321003913879, 7200, 255, 1, 37623), -- 335520 (Area: 12825 - Difficulty: 0)
(@OGUID+53, 204281, 0, 1519, 9171, '0', '16013 - 12596 - 1139 - 10061 - 8389 - 8658 - 10402 - 10275 - 1231 - 10217 - 14850 - 4064 - 6481 - 10368 - 4070 - 12918 - 10378 - 14601', 0, -8235.51953125, 696.7117919921875, 71.42063140869140625, 4.97418975830078125, 0, 0, -0.60876083374023437, 0.793353796005249023, 120, 255, 1, 37623), -- 204281 (Area: 9171 - Difficulty: 0)
(@OGUID+54, 204281, 0, 1519, 9171, '0', '16013 - 12596 - 1139 - 10061 - 8389 - 8658 - 10402 - 10275 - 1231 - 10217 - 14850 - 4064 - 6481 - 10368 - 4070 - 12918 - 10378 - 14601', 0, -8257.419921875, 742.14239501953125, 77.78022003173828125, 4.45059061050415039, 0, 0, -0.79335308074951171, 0.608761727809906005, 120, 255, 1, 37623), -- 204281 (Area: 9171 - Difficulty: 0)
(@OGUID+55, 204281, 0, 1519, 9171, '0', '16013 - 12596 - 1139 - 10061 - 8389 - 8658 - 10402 - 10275 - 1231 - 10217 - 14850 - 4064 - 6481 - 10368 - 4070 - 12918 - 10378 - 14601', 0, -8187.111328125, 754.59893798828125, 73.65544891357421875, 4.258606910705566406, 0, 0, -0.84804725646972656, 0.529920578002929687, 120, 255, 1, 37623), -- 204281 (Area: 9171 - Difficulty: 0)
(@OGUID+56, 204281, 0, 1519, 9171, '0', '16013 - 12596 - 1139 - 10061 - 8389 - 8658 - 10402 - 10275 - 1231 - 10217 - 14850 - 4064 - 6481 - 10368 - 4070 - 12918 - 10378 - 14601', 0, -8156.45166015625, 719.07464599609375, 69.26458740234375, 5.270895957946777343, 0, 0, -0.48480892181396484, 0.87462007999420166, 120, 255, 1, 37623); -- 204281 (Area: 9171 - Difficulty: 0)

SET @OGUID := 3440000001455;
DELETE FROM `gameobject_addon` WHERE `guid` BETWEEN @OGUID+0 AND @OGUID+56;
INSERT INTO `gameobject_addon` (`guid`, `parent_rotation0`, `parent_rotation1`, `parent_rotation2`, `parent_rotation3`) VALUES
(@OGUID+1, 0, 0, 0.882947325706481933, 0.469472050666809082), -- 335529
(@OGUID+2, 0, 0, 0.882947325706481933, 0.469472050666809082), -- 335538
(@OGUID+4, 0, 0, 0.882947325706481933, 0.469472050666809082), -- 335521
(@OGUID+6, 0, 0, 0.882947325706481933, 0.469472050666809082), -- 335530
(@OGUID+8, 0, 0, 0.882947325706481933, 0.469472050666809082), -- 335571
(@OGUID+9, 0, 0, 0.882947325706481933, 0.469472050666809082), -- 335539
(@OGUID+11, 0, 0, 0.882947325706481933, 0.469472050666809082), -- 335513
(@OGUID+12, 0, 0, 0.882947325706481933, 0.469472050666809082), -- 335531
(@OGUID+17, 0, 0, 0.882947325706481933, 0.469472050666809082), -- 335514
(@OGUID+19, 0, 0, 0.882947325706481933, 0.469472050666809082), -- 335572
(@OGUID+20, 0, 0, 0.882947325706481933, 0.469472050666809082), -- 335515
(@OGUID+21, 0, 0, 0.882947325706481933, 0.469472050666809082), -- 335532
(@OGUID+22, 0, 0, 0.882947325706481933, 0.469472050666809082), -- 335573
(@OGUID+25, 0, 0, 0.882947325706481933, 0.469472050666809082), -- 335541
(@OGUID+29, 0, 0, 0.882947325706481933, 0.469472050666809082), -- 335533
(@OGUID+31, 0, 0, 0.882947325706481933, 0.469472050666809082), -- 335516
(@OGUID+33, 0, 0, 0.882947325706481933, 0.469472050666809082), -- 335525
(@OGUID+34, 0, 0, 0.882947325706481933, 0.469472050666809082), -- 335534
(@OGUID+35, 0, 0, 0.882947325706481933, 0.469472050666809082), -- 335575
(@OGUID+37, 0, 0, 0.882947325706481933, 0.469472050666809082), -- 335517
(@OGUID+39, 0, 0, 0.882947325706481933, 0.469472050666809082), -- 335535
(@OGUID+40, 0, 0, 0.882947325706481933, 0.469472050666809082), -- 335536
(@OGUID+42, 0, 0, 0.882947325706481933, 0.469472050666809082), -- 335518
(@OGUID+46, 0, 0, 0.882947325706481933, 0.469472050666809082), -- 335527
(@OGUID+48, 0, 0, 0.882947325706481933, 0.469472050666809082), -- 335528
(@OGUID+49, 0, 0, 0.882947325706481933, 0.469472050666809082), -- 335537
(@OGUID+50, 0, 0, 0.882947325706481933, 0.469472050666809082), -- 335519
(@OGUID+52, 0, 0, 0.882947325706481933, 0.469472050666809082); -- 335520

DELETE FROM `creature_template_addon` WHERE `entry` IN (159470 /*159470*/, 159552 /*159552*/, 159559 /*159559*/, 159558 /*159558*/, 160273 /*160273*/, 159485 /*159485*/, 159528 /*159528*/, 159468 /*159468*/, 159545 /*159545*/, 158145 /*158145*/, 159549 /*159549*/, 159486 /*159486*/, 157997 /*157997*/, 159568 /*159568 - 313603*/, 159572 /*159572*/, 159587 /*159587*/, 159571 /*159571*/, 159530 /*159530*/, 159529 /*159529*/, 159569 /*159569*/, 159523 /*159523*/, 159543 /*159543*/, 159471 /*159471*/, 159551 /*159551*/, 160628 /*160628*/, 159524 /*159524*/, 160578 /*160578*/, 159550 /*159550*/, 159487 /*159487*/);
INSERT INTO `creature_template_addon` (`entry`, `path_id`, `mount`, `bytes1`, `bytes2`, `emote`, `aiAnimKit`, `movementAnimKit`, `meleeAnimKit`, `auras`) VALUES
(159470, 0, 0, 0, 1, 0, 0, 0, 0, ''), -- 159470
(159552, 0, 0, 0, 1, 0, 0, 0, 0, ''), -- 159552
(159559, 0, 0, 0, 1, 0, 0, 0, 0, ''), -- 159559
(159558, 0, 0, 50331648, 1, 0, 0, 0, 0, ''), -- 159558
(160273, 0, 0, 0, 1, 0, 0, 0, 0, ''), -- 160273
(159485, 0, 0, 0, 1, 0, 0, 0, 0, ''), -- 159485
(159528, 0, 0, 0, 1, 0, 0, 0, 0, ''), -- 159528
(159468, 0, 0, 0, 1, 0, 0, 0, 0, ''), -- 159468
(159545, 0, 0, 0, 1, 0, 0, 0, 0, ''), -- 159545
(158145, 0, 0, 0, 1, 0, 0, 0, 0, ''), -- 158145
(159549, 0, 0, 0, 1, 0, 0, 0, 0, ''), -- 159549
(159486, 0, 0, 0, 1, 0, 0, 0, 0, ''), -- 159486
(157997, 0, 0, 0, 0, 0, 0, 0, 0, ''), -- 157997
(159568, 0, 0, 0, 1, 0, 0, 0, 0, '313603'), -- 159568 - 313603
(159572, 0, 0, 0, 1, 0, 0, 0, 0, ''), -- 159572
(159587, 0, 0, 0, 1, 0, 0, 0, 0, ''), -- 159587
(159571, 0, 0, 0, 1, 0, 0, 0, 0, ''), -- 159571
(159530, 0, 0, 0, 1, 0, 0, 0, 0, ''), -- 159530
(159529, 0, 0, 0, 1, 0, 0, 0, 0, ''), -- 159529
(159569, 0, 0, 0, 1, 0, 0, 0, 0, ''), -- 159569
(159523, 0, 0, 0, 1, 0, 0, 0, 0, ''), -- 159523
(159543, 0, 0, 0, 1, 0, 0, 0, 0, ''), -- 159543
(159471, 0, 0, 0, 1, 0, 0, 0, 0, ''), -- 159471
(159551, 0, 0, 0, 1, 0, 0, 0, 0, ''), -- 159551
(160628, 0, 0, 0, 1, 0, 0, 0, 0, ''), -- 160628
(159524, 0, 0, 0, 1, 0, 0, 0, 0, ''), -- 159524
(160578, 0, 0, 0, 1, 0, 0, 0, 0, ''), -- 160578
(159550, 0, 0, 0, 1, 0, 0, 0, 0, ''), -- 159550
(159487, 0, 0, 0, 1, 0, 0, 0, 0, ''); -- 159487

DELETE FROM `creature_template_scaling` WHERE (`DifficultyID`=0 AND `Entry` IN (159470,159552,159559,159558,160273,159485,159528,159468,159545,158145,159549,159486,157997,159568,159572,159587,159571,159530,159529,159569,159523,159543,159471,159551,160628,159524,160578,159550,159487));
INSERT INTO `creature_template_scaling` (`Entry`, `DifficultyID`, `LevelScalingMin`, `LevelScalingMax`, `LevelScalingDeltaMin`, `LevelScalingDeltaMax`, `ContentTuningID`, `VerifiedBuild`) VALUES
(159470, 0, 50, 60, 0, 0, 782, 37623),
(159552, 0, 50, 60, 0, 0, 782, 37623),
(159559, 0, 50, 60, 0, 0, 782, 37623),
(159558, 0, 50, 60, 0, 0, 782, 37623),
(160273, 0, 50, 60, 0, 0, 782, 37623),
(159485, 0, 50, 60, 0, 0, 782, 37623),
(159528, 0, 50, 60, 0, 0, 782, 37623),
(159468, 0, 50, 60, 0, 0, 782, 37623),
(159545, 0, 50, 60, 0, 0, 782, 37623),
(158145, 0, 50, 60, 0, 0, 782, 37623),
(159549, 0, 50, 60, 0, 0, 782, 37623),
(159486, 0, 50, 60, 0, 0, 782, 37623),
(157997, 0, 50, 60, 0, 0, 782, 37623),
(159568, 0, 50, 60, 0, 0, 782, 37623),
(159572, 0, 50, 60, 0, 0, 782, 37623),
(159587, 0, 50, 60, 0, 0, 782, 37623),
(159571, 0, 50, 60, 0, 0, 782, 37623),
(159530, 0, 50, 60, 0, 0, 782, 37623),
(159529, 0, 50, 60, 0, 0, 782, 37623),
(159569, 0, 50, 60, 0, 0, 782, 37623),
(159523, 0, 50, 60, 0, 0, 782, 37623),
(159543, 0, 50, 60, 0, 0, 782, 37623),
(159471, 0, 50, 60, 0, 0, 782, 37623),
(159551, 0, 50, 60, 0, 0, 782, 37623),
(160628, 0, 50, 60, 0, 0, 782, 37623),
(159524, 0, 50, 60, 0, 0, 782, 37623),
(160578, 0, 50, 60, 0, 0, 782, 37623),
(159550, 0, 50, 60, 0, 0, 782, 37623),
(159487, 0, 50, 60, 0, 0, 782, 37623);

DELETE FROM `creature_model_info` WHERE `DisplayID` IN (93920, 92106, 94026, 94013, 91922, 93917, 93943, 93995, 93986, 90798, 93521, 93924, 93865, 94029, 94033, 94037, 94032, 93957, 93956, 94030, 93940, 93960, 93921, 92263, 94301, 93942, 94031, 94040, 93932);
INSERT INTO `creature_model_info` (`DisplayID`, `BoundingRadius`, `CombatReach`, `DisplayID_Other_Gender`, `VerifiedBuild`) VALUES
(93920, 0.305999994277954101, 1.5, 0, 37623),
(92106, 0.305999994277954101, 1.5, 0, 37623),
(94026, 0.305999994277954101, 1.5, 0, 37623),
(94013, 0.305999994277954101, 1.5, 0, 37623),
(91922, 19.979827880859375, 0, 0, 37623),
(93917, 0.305999994277954101, 1.5, 0, 37623),
(93943, 0.305999994277954101, 1.5, 0, 37623),
(93995, 0.305999994277954101, 1.5, 0, 37623),
(93986, 0.305999994277954101, 1.5, 0, 37623),
(90798, 0.336600005626678466, 1.65000009536743164, 0, 37623),
(93521, 0.305999994277954101, 1.5, 0, 37623),
(93924, 0.305999994277954101, 1.5, 0, 37623),
(93865, 0.305999994277954101, 1.5, 0, 37623),
(94029, 0.305999994277954101, 1.5, 0, 37623),
(94033, 0.305999994277954101, 1.5, 0, 37623),
(94037, 0.369329780340194702, 1.80000007152557373, 0, 37623),
(94032, 0.305999994277954101, 1.5, 0, 37623),
(93957, 0.305999994277954101, 1.5, 0, 37623),
(93956, 0.305999994277954101, 1.5, 0, 37623),
(94030, 0.305999994277954101, 1.5, 0, 37623),
(93940, 0.305999994277954101, 1.5, 0, 37623),
(93960, 0.305999994277954101, 1.5, 0, 37623),
(93921, 0.305999994277954101, 1.5, 0, 37623),
(92263, 0.305999994277954101, 1.5, 0, 37623),
(94301, 0.305999994277954101, 1.5, 0, 37623),
(93942, 0.305999994277954101, 1.5, 0, 37623),
(94031, 0.305999994277954101, 1.5, 0, 37623),
(94040, 0.305999994277954101, 1.5, 0, 37623),
(93932, 0.305999994277954101, 1.5, 0, 37623);

DELETE FROM `creature_equip_template` WHERE (`CreatureID`=157997 AND `ID`=1);
INSERT INTO `creature_equip_template` (`CreatureID`, `ID`, `ItemID1`, `AppearanceModID1`, `ItemVisual1`, `ItemID2`, `AppearanceModID2`, `ItemVisual2`, `ItemID3`, `AppearanceModID3`, `ItemVisual3`) VALUES
(157997, 1, 155762, 0, 0, 155762, 0, 0, 0, 0, 0); -- 157997

DELETE FROM `creature_template_model` WHERE (`Idx`=0 AND `CreatureID` IN (159559,159558,159552,159470,160273,159485,159545,159528,159468,158145,159551,159471,159524,159587,160628,159571,159572,159568,159543,160578,159549,159523,159550,159569,159530,159529,159487,157997,159486,33301));
INSERT INTO `creature_template_model` (`CreatureID`, `Idx`, `CreatureDisplayID`, `DisplayScale`, `Probability`, `VerifiedBuild`) VALUES
(159559, 0, 94026, 1, 1, 37623), -- 159559
(159558, 0, 94013, 1, 1, 37623), -- 159558
(159552, 0, 92106, 1, 1, 37623), -- 159552
(159470, 0, 93920, 1, 1, 37623), -- 159470
(160273, 0, 91922, 4, 1, 37623), -- 160273
(159485, 0, 93917, 1, 1, 37623), -- 159485
(159545, 0, 93986, 1, 1, 37623), -- 159545
(159528, 0, 93943, 1, 1, 37623), -- 159528
(159468, 0, 93995, 1, 1, 37623), -- 159468
(158145, 0, 90798, 1.10000002384185791, 1, 37623), -- 158145
(159551, 0, 92263, 1, 1, 37623), -- 159551
(159471, 0, 93921, 1, 1, 37623), -- 159471
(159524, 0, 93942, 1, 1, 37623), -- 159524
(159587, 0, 94037, 1, 1, 37623), -- 159587
(160628, 0, 94301, 1, 1, 37623), -- 160628
(159571, 0, 94032, 1, 1, 37623), -- 159571
(159572, 0, 94033, 1, 1, 37623), -- 159572
(159568, 0, 94029, 1, 1, 37623), -- 159568
(159543, 0, 93960, 1, 1, 37623), -- 159543
(160578, 0, 94031, 1, 1, 37623), -- 160578
(159549, 0, 93521, 1, 1, 37623), -- 159549
(159523, 0, 93940, 1, 1, 37623), -- 159523
(159550, 0, 94040, 1, 1, 37623), -- 159550
(159569, 0, 94030, 1, 1, 37623), -- 159569
(159530, 0, 93957, 1, 1, 37623), -- 159530
(159529, 0, 93956, 1, 1, 37623), -- 159529
(159487, 0, 93932, 1, 1, 37623), -- 159487
(157997, 0, 93865, 1, 1, 37623), -- 157997
(159486, 0, 93924, 1, 1, 37623), -- 159486
(33301, 0, 28571, 1, 1, 37623); -- 33301

DELETE FROM `gameobject_template` WHERE `entry` IN (335534 /*335534*/, 335525 /*335525*/, 335519 /*335519*/, 335572 /*335572*/, 335575 /*335575*/, 335539 /*335539*/, 339337 /*339337*/, 339763 /*339763*/, 341828 /*341828*/, 338477 /*338477*/, 339761 /*339761*/, 339757 /*339757*/, 339762 /*339762*/, 339758 /*339758*/, 335529 /*335529*/, 335530 /*335530*/, 335532 /*335532*/, 335527 /*335527*/, 335536 /*335536*/, 335513 /*335513*/, 335528 /*335528*/, 335538 /*335538*/, 335518 /*335518*/, 335521 /*335521*/, 335541 /*335541*/, 335516 /*335516*/, 335571 /*335571*/, 335573 /*335573*/, 335515 /*335515*/, 335517 /*335517*/, 335535 /*335535*/, 335520 /*335520*/, 335533 /*335533*/, 335531 /*335531*/, 335537 /*335537*/, 335514 /*335514*/);
INSERT INTO `gameobject_template` (`entry`, `type`, `displayId`, `name`, `IconName`, `castBarCaption`, `unk1`, `size`, `Data0`, `Data1`, `Data2`, `Data3`, `Data4`, `Data5`, `Data6`, `Data7`, `Data8`, `Data9`, `Data10`, `Data11`, `Data12`, `Data13`, `Data14`, `Data15`, `Data16`, `Data17`, `Data18`, `Data19`, `Data20`, `Data21`, `Data22`, `Data23`, `Data24`, `Data25`, `Data26`, `Data27`, `Data28`, `Data29`, `Data30`, `Data31`, `Data32`, `Data33`, `VerifiedBuild`) VALUES
(335534, 5, 55737, 'Doodad_8DU_Mechagon_HedgeTrap007', '', '', '', 1, 0, 0, 0, 0, 0, 0, 0, 0, 0, 0, 0, 0, 0, 0, 0, 0, 0, 0, 0, 0, 0, 0, 0, 0, 0, 0, 0, 0, 0, 0, 0, 0, 0, 0, 37623), -- 335534
(335525, 5, 55661, 'Doodad_8DU_Mechagon_HologramProjector001', '', '', '', 1, 0, 1, 0, 0, 0, 0, 0, 0, 0, 0, 0, 0, 0, 0, 0, 0, 0, 0, 0, 0, 0, 0, 0, 0, 0, 0, 0, 0, 0, 0, 0, 0, 0, 0, 37623), -- 335525
(335519, 5, 51446, 'Doodad_8GN_GNOME_CHAIR008', '', '', '', 1, 0, 1, 0, 0, 0, 0, 0, 0, 0, 0, 0, 0, 0, 0, 0, 0, 0, 0, 0, 0, 0, 0, 0, 0, 0, 0, 0, 0, 0, 0, 0, 0, 0, 0, 37623), -- 335519
(335572, 0, 56694, 'Energy Shield', '', '', '', 0.991377115249633789, 1, 0, 2147483645, 0, 0, 0, 0, 5793, 0, 0, 0, 0, 0, 0, 0, 0, 0, 0, 0, 0, 0, 0, 0, 0, 0, 0, 0, 0, 0, 0, 0, 0, 0, 0, 37623), -- 335572
(335575, 0, 56860, 'Junkyard Door', '', '', '', 1, 1, 0, 2147483647, 0, 0, 0, 0, 5793, 0, 0, 0, 0, 0, 0, 0, 0, 0, 0, 0, 0, 0, 0, 0, 0, 0, 0, 0, 0, 0, 0, 0, 0, 0, 0, 37623), -- 335575
(335539, 5, 55739, 'Doodad_8DU_Mechagon_HedgeTrap012', '', '', '', 0.999999940395355224, 0, 0, 0, 0, 0, 0, 0, 0, 0, 0, 0, 0, 0, 0, 0, 0, 0, 0, 0, 0, 0, 0, 0, 0, 0, 0, 0, 0, 0, 0, 0, 0, 0, 0, 37623), -- 335539
(339337, 5, 56536, 'Stormwind Teleportation Unit', '', '', '', 1, 0, 1, 0, 0, 0, 0, 0, 0, 0, 0, 0, 0, 0, 0, 0, 0, 0, 0, 0, 0, 0, 0, 0, 0, 0, 0, 0, 0, 0, 0, 0, 0, 0, 0, 37623), -- 339337
(339763, 5, 59749, 'Flower', '', '', '', 0.419999986886978149, 0, 0, 0, 0, 0, 0, 0, 0, 0, 0, 0, 0, 0, 0, 0, 0, 0, 0, 0, 0, 0, 0, 0, 0, 0, 0, 0, 0, 0, 0, 0, 0, 0, 0, 37623), -- 339763
(341828, 5, 56536, 'Mechagon City Teleporter', '', '', '', 1, 0, 1, 0, 0, 0, 0, 0, 0, 0, 0, 0, 0, 0, 0, 0, 0, 0, 0, 0, 0, 0, 0, 0, 0, 0, 0, 0, 0, 0, 0, 0, 0, 0, 0, 37623), -- 341828
(338477, 5, 56536, 'Mechagon City Teleporter', '', '', '', 1, 0, 1, 0, 0, 0, 0, 0, 0, 0, 0, 0, 0, 0, 0, 0, 0, 0, 0, 0, 0, 0, 0, 0, 0, 0, 0, 0, 0, 0, 0, 0, 0, 0, 0, 37623), -- 338477
(339761, 5, 59747, 'Flower', '', '', '', 0.419999986886978149, 0, 0, 0, 0, 0, 0, 0, 0, 0, 0, 0, 0, 0, 0, 0, 0, 0, 0, 0, 0, 0, 0, 0, 0, 0, 0, 0, 0, 0, 0, 0, 0, 0, 0, 37623), -- 339761
(339757, 5, 59747, 'Flower', '', '', '', 0.25, 0, 0, 0, 0, 0, 0, 0, 0, 0, 0, 0, 0, 0, 0, 0, 0, 0, 0, 0, 0, 0, 0, 0, 0, 0, 0, 0, 0, 0, 0, 0, 0, 0, 0, 37623), -- 339757
(339762, 5, 59748, 'Flower', '', '', '', 0.419999986886978149, 0, 0, 0, 0, 0, 0, 0, 0, 0, 0, 0, 0, 0, 0, 0, 0, 0, 0, 0, 0, 0, 0, 0, 0, 0, 0, 0, 0, 0, 0, 0, 0, 0, 0, 37623), -- 339762
(339758, 5, 59747, 'Flower', '', '', '', 0.5, 0, 0, 0, 0, 0, 0, 0, 0, 0, 0, 0, 0, 0, 0, 0, 0, 0, 0, 0, 0, 0, 0, 0, 0, 0, 0, 0, 0, 0, 0, 0, 0, 0, 0, 37623), -- 339758
(335529, 5, 55738, 'Doodad_8DU_Mechagon_HedgeTrap002', '', '', '', 1, 0, 0, 0, 0, 0, 0, 0, 0, 0, 0, 0, 0, 0, 0, 0, 0, 0, 0, 0, 0, 0, 0, 0, 0, 0, 0, 0, 0, 0, 0, 0, 0, 0, 0, 37623), -- 335529
(335530, 5, 55739, 'Doodad_8DU_Mechagon_HedgeTrap003', '', '', '', 1, 0, 0, 0, 0, 0, 0, 0, 0, 0, 0, 0, 0, 0, 0, 0, 0, 0, 0, 0, 0, 0, 0, 0, 0, 0, 0, 0, 0, 0, 0, 0, 0, 0, 0, 37623), -- 335530
(335532, 5, 55738, 'Doodad_8DU_Mechagon_HedgeTrap005', '', '', '', 1, 0, 0, 0, 0, 0, 0, 0, 0, 0, 0, 0, 0, 0, 0, 0, 0, 0, 0, 0, 0, 0, 0, 0, 0, 0, 0, 0, 0, 0, 0, 0, 0, 0, 0, 37623), -- 335532
(335527, 0, 55727, 'Garden Bridge', '', '', '', 1, 1, 0, 0, 0, 0, 0, 0, 5793, 1, 0, 0, 0, 0, 0, 0, 0, 0, 0, 0, 0, 0, 0, 0, 0, 0, 0, 0, 0, 0, 0, 0, 0, 0, 0, 37623), -- 335527
(335536, 5, 55739, 'Doodad_8DU_Mechagon_HedgeTrap009', '', '', '', 1, 0, 0, 0, 0, 0, 0, 0, 0, 0, 0, 0, 0, 0, 0, 0, 0, 0, 0, 0, 0, 0, 0, 0, 0, 0, 0, 0, 0, 0, 0, 0, 0, 0, 0, 37623), -- 335536
(335513, 5, 51446, 'Doodad_8GN_GNOME_CHAIR001', '', '', '', 1, 0, 1, 0, 0, 0, 0, 0, 0, 0, 0, 0, 0, 0, 0, 0, 0, 0, 0, 0, 0, 0, 0, 0, 0, 0, 0, 0, 0, 0, 0, 0, 0, 0, 0, 37623), -- 335513
(335528, 5, 55737, 'Doodad_8DU_Mechagon_HedgeTrap001', '', '', '', 1, 0, 0, 0, 0, 0, 0, 0, 0, 0, 0, 0, 0, 0, 0, 0, 0, 0, 0, 0, 0, 0, 0, 0, 0, 0, 0, 0, 0, 0, 0, 0, 0, 0, 0, 37623), -- 335528
(335538, 5, 55738, 'Doodad_8DU_Mechagon_HedgeTrap011', '', '', '', 0.999999940395355224, 0, 0, 0, 0, 0, 0, 0, 0, 0, 0, 0, 0, 0, 0, 0, 0, 0, 0, 0, 0, 0, 0, 0, 0, 0, 0, 0, 0, 0, 0, 0, 0, 0, 0, 37623), -- 335538
(335518, 5, 51446, 'Doodad_8GN_GNOME_CHAIR007', '', '', '', 1, 0, 1, 0, 0, 0, 0, 0, 0, 0, 0, 0, 0, 0, 0, 0, 0, 0, 0, 0, 0, 0, 0, 0, 0, 0, 0, 0, 0, 0, 0, 0, 0, 0, 0, 37623), -- 335518
(335521, 5, 51446, 'Doodad_8GN_GNOME_CHAIR010', '', '', '', 1.241874933242797851, 0, 1, 0, 0, 0, 0, 0, 0, 0, 0, 0, 0, 0, 0, 0, 0, 0, 0, 0, 0, 0, 0, 0, 0, 0, 0, 0, 0, 0, 0, 0, 0, 0, 0, 37623), -- 335521
(335541, 0, 55834, 'Overlook Door', '', '', '', 0.999999940395355224, 1, 0, 0, 0, 0, 0, 0, 0, 1, 0, 0, 0, 0, 0, 0, 0, 0, 0, 0, 0, 0, 0, 0, 0, 0, 0, 0, 0, 0, 0, 0, 0, 0, 0, 37623), -- 335541
(335516, 5, 51446, 'Doodad_8GN_GNOME_CHAIR005', '', '', '', 1, 0, 1, 0, 0, 0, 0, 0, 0, 0, 0, 0, 0, 0, 0, 0, 0, 0, 0, 0, 0, 0, 0, 0, 0, 0, 0, 0, 0, 0, 0, 0, 0, 0, 0, 37623), -- 335516
(335571, 0, 56693, 'Energy Door', '', '', '', 1, 1, 0, 2147483645, 0, 0, 0, 0, 5793, 1, 0, 0, 0, 0, 0, 0, 0, 0, 0, 0, 0, 0, 0, 0, 0, 0, 0, 0, 0, 0, 0, 0, 0, 0, 0, 37623), -- 335571
(335573, 0, 56750, 'Energy Door', '', '', '', 1, 1, 0, 2147483647, 0, 0, 0, 0, 5793, 1, 0, 0, 0, 0, 0, 0, 0, 0, 0, 0, 0, 0, 0, 0, 0, 0, 0, 0, 0, 0, 0, 0, 0, 0, 0, 37623), -- 335573
(335515, 5, 51446, 'Doodad_8GN_GNOME_CHAIR004', '', '', '', 1, 0, 1, 0, 0, 0, 0, 0, 0, 0, 0, 0, 0, 0, 0, 0, 0, 0, 0, 0, 0, 0, 0, 0, 0, 0, 0, 0, 0, 0, 0, 0, 0, 0, 0, 37623), -- 335515
(335517, 5, 51446, 'Doodad_8GN_GNOME_CHAIR006', '', '', '', 1, 0, 1, 0, 0, 0, 0, 0, 0, 0, 0, 0, 0, 0, 0, 0, 0, 0, 0, 0, 0, 0, 0, 0, 0, 0, 0, 0, 0, 0, 0, 0, 0, 0, 0, 37623), -- 335517
(335535, 5, 55738, 'Doodad_8DU_Mechagon_HedgeTrap008', '', '', '', 1, 0, 0, 0, 0, 0, 0, 0, 0, 0, 0, 0, 0, 0, 0, 0, 0, 0, 0, 0, 0, 0, 0, 0, 0, 0, 0, 0, 0, 0, 0, 0, 0, 0, 0, 37623), -- 335535
(335520, 5, 51446, 'Doodad_8GN_GNOME_CHAIR009', '', '', '', 1, 0, 1, 0, 0, 0, 0, 0, 0, 0, 0, 0, 0, 0, 0, 0, 0, 0, 0, 0, 0, 0, 0, 0, 0, 0, 0, 0, 0, 0, 0, 0, 0, 0, 0, 37623), -- 335520
(335533, 5, 55739, 'Doodad_8DU_Mechagon_HedgeTrap006', '', '', '', 1, 0, 0, 0, 0, 0, 0, 0, 0, 0, 0, 0, 0, 0, 0, 0, 0, 0, 0, 0, 0, 0, 0, 0, 0, 0, 0, 0, 0, 0, 0, 0, 0, 0, 0, 37623), -- 335533
(335531, 5, 55737, 'Doodad_8DU_Mechagon_HedgeTrap004', '', '', '', 1, 0, 0, 0, 0, 0, 0, 0, 0, 0, 0, 0, 0, 0, 0, 0, 0, 0, 0, 0, 0, 0, 0, 0, 0, 0, 0, 0, 0, 0, 0, 0, 0, 0, 0, 37623), -- 335531
(335537, 5, 55737, 'Doodad_8DU_Mechagon_HedgeTrap010', '', '', '', 0.999999940395355224, 0, 0, 0, 0, 0, 0, 0, 0, 0, 0, 0, 0, 0, 0, 0, 0, 0, 0, 0, 0, 0, 0, 0, 0, 0, 0, 0, 0, 0, 0, 0, 0, 0, 0, 37623), -- 335537
(335514, 5, 51446, 'Doodad_8GN_GNOME_CHAIR002', '', '', '', 1.241874933242797851, 0, 1, 0, 0, 0, 0, 0, 0, 0, 0, 0, 0, 0, 0, 0, 0, 0, 0, 0, 0, 0, 0, 0, 0, 0, 0, 0, 0, 0, 0, 0, 0, 0, 0, 37623); -- 335514

-- Update Teleporter Template
UPDATE `gameobject_template` SET `type` = 2, `Data0` = 0, `Data1` = 0, `Data3` = 9541286, `Data4` = 0 WHERE (`entry` = 339337);

-- add SAI for Teleporter
DELETE FROM smart_scripts WHERE entryOrGuid = 339337 AND source_type = 1;
UPDATE gameobject_template SET AIName="SmartGameObjectAI" WHERE entry=339337;
INSERT INTO smart_scripts (entryorguid, source_type, id, link, event_type, event_phase_mask, event_chance, event_flags, event_param1, event_param2, event_param3, event_param4, action_type, action_param1, action_param2, action_param3, action_param4, action_param5, action_param6, target_type, target_param1, target_param2, target_param3, target_x, target_y, target_z, target_o, comment) VALUES
(339337, 1, 0, 1, 64, 0, 100, 0, 0, 0, 0, 0, 62, 0, 0, 0, 0, 0, 0, 7, 0, 0, 0, -8194.06, 772.495, 72.432083, 0.718625, "When player opened gossip dialog - Teleport Action invoker to (-819,406, 7,724, 72,432, 718,625) on map 0"),
(339337, 1, 1, 0, 61, 0, 100, 0, 0, 0, 0, 0, 33, 160561, 0, 0, 0, 0, 0, 7, 0, 0, 0, 0, 0, 0, 0, "On link - Action invoker: Give kill credit Kill Credit - SW Teleport");

-- add gossip menu 
DELETE FROM `gossip_menu` WHERE (`MenuID` = 9541286) AND (`TextID` IN (0));
INSERT INTO `gossip_menu` (`MenuID`, `TextID`) VALUES
(9541286, 0);

-- only gossip can see you have quest 58146
DELETE FROM `conditions` WHERE (`SourceGroup` = 9541286);
INSERT INTO `conditions`(`SourceTypeOrReferenceId`, `SourceGroup`, `SourceEntry`, `SourceId`, `ElseGroup`, `ConditionTypeOrReference`, `ConditionTarget`, `ConditionValue1`, `ConditionValue2`, `ConditionValue3`, `NegativeCondition`, `ErrorTextId`, `ScriptName`, `Comment`) VALUES (15, 9541286, 0, 0, 0, 9, 0, 58146, 0, 0, 0, 0, '', 'gossip only if have quest 58146');

-- Update Phase
UPDATE creature SET PhaseId = 0 WHERE map = 2268;
UPDATE gameobject SET PhaseId = 0 WHERE map = 2268;
